ts	phase	decision	why	evidence	result
2026-10-09T20:06:05Z	start	opened a Feature playbook run for a committed pstack lab	the bookmark is about pstack /poteto-mode and the lab has to show the trail	agent run pstack-lab	open
2026-10-09T20:06:10Z	how	treated the timer as greenfield in a sticky monorepo	the only existing app is the Expo transitions lab and the factory forbids touching it	apps/rn-screen-transitions-lab	found no timer subsystem
2026-10-09T20:06:40Z	architect	picked a discriminated Session plus remainingMs(session, nowMs)	boolean bags allow running and paused together, and decrement ticks make fake timers the domain	PLAN.md	chose C over A and B
2026-10-09T20:07:00Z	throughput	ran PLAN, failing test, reduce, then UI on one worker	the view reads the reducer so fan-out would serialize anyway	PLAN.md	checkpoint written
2026-10-09T20:07:22Z	frame	committed PLAN.md before app code	sequence-verifiable-units: the data shape is the first landable unit	commit 5348975	PLAN.md on feature/pstack-lab
2026-10-09T20:07:49Z	tdd	wrote the failing reducer contract first	/tdd: cheap local test path, encode intended behavior before the fix	src/session.test.ts, commit ec1d696	4 fail 2 pass
2026-10-09T20:08:37Z	tdd	implemented reduce so remaining follows the clock	the failing assertions named the leftover time in milliseconds	src/session.ts, commit b3990ed	8 pass 0 fail
2026-10-09T20:09:10Z	tdd	added tick after a new failing test	the UI clock has to complete a session without a pause	src/session.test.ts	tick case failed, then passed
2026-10-09T20:11:00Z	implement	kept React 19 free of useEffect	a store ticks while status is running and hash uses hashchange via useSyncExternalStore	src/focus-store.ts, src/hash.ts	open
2026-10-09T20:11:40Z	implement	put playbook steps and decisions on one timeline	the product has to show how /poteto-mode actually ran	src/how-view.tsx, src/timeline.ts	open
2026-10-09T20:12:20Z	implement	added a 10s lab preset next to 25/15/5	a reviewer has to see complete without sitting through a pomodoro	src/session.ts	open
2026-10-09T20:13:10Z	implement	vertically centered the dial on the viewport	the first screenshot left a dead band under the controls	src/styles.css	pixel-diff n/a
2026-10-09T20:24:00Z	verify	drove 10s lab start, pause, resume, complete, then #/how in Chrome	prove-it-works on the matching surface, not tsc	localhost:5173, focus_timer_pause_resume_complete_and_how_built.mp4	tests green, UI pass
